date,treasury_rfv,ohm_staked_amount,10k_apy,20k_apy,50k_apy,70k_apy,100k_apy
2021-06-28T00:00:00+00:00,8631188.2757113484426752640234736540171132225355127325269683569215564700928924041000,424391.4573311070000000000000000000,238.7655267492963422575186337598644153680949157961852883673282139259029086366251,207.5292620721003260020786727026196605628820047897987735281628758386227067345029,176.9307156558919123846797814436915305223484719439279251324995876141912389642631,167.8435168628793682823805175774740387276495099675187238100449713980345836291643,159.1770441858601389327452887245000280435851939026686799379752223483083438521488
2021-06-27T00:00:00+00:00,8394376.1879248617365755658190250063110248124043152695606095963809924498616050403504,418923.1967742960000000000000000000,237.5884128147653694321442886650709202645962109690995268822596268316626939605693,206.5061429077307596960216570636489447287716722380360919287634922613660210679467,176.0584473109571405159528723558950039201191482036769276340232523726579311376875,167.0160484037184736381803575696882807232388031465429856604538106297714408129498,158.3923014329192329419562456936616233272846244591360669054183400904254166535772
2021-06-26T00:00:00+00:00,7966370.1171085880220357162693777686230566858126045764717220987282847273423461031642,409586.9593792170000000000000000000,235.2269243175237951815706856125625387379013836322597690486735703807749281872776,204.4535938153365356521115762254476238222643262100456354713948520894698021540821,174.3085303295630087978051054902975021427584064821749611160485040841472976145190,165.3560075267771380233933642140561299775266785895373900821522862750266453068466,156.8179755074496328380339312697434080119362033297924048378418370385944379150972
2021-06-25T00:00:00+00:00,7739862.8691486613870943075615588747942643552170093960841693487830329618674207670554,400090.9425598250000000000000000000,234.7999084370052060534819912877279773369157800283674276250318080874080238428304,204.0824418664618552867669678155102649362425134454555979517712976801867803345930,173.9921017966621323730092368291912513792347147690294979241239750954622419721979,165.0558308299217561670464648758898888414041275999041348937625034581331612504347,156.5332982066400353288901928706655802097543153153059036976755212050412156352742
2021-06-24T00:00:00+00:00,7543488.6071698139233356253995280909413259177161549314237190646192370126542284467580,391419.3176634440000000000000000000,234.4997755895174999888210461924300163144729921029443049022285336124851739708514,203.8215736028949690264863785813768131281294494270800163355680775732182376572615,173.7696964929283219298213387699615931919974117837591124255039349085513279525133,164.8448483093952444645261723308685419457511664480459089084126935755431672250217,156.3332096085220098826677909358605922394179118393666461450537149695436400832415
2021-06-23T00:00:00+00:00,7186274.3406870099099487593978210073502701998498439090998262592046500946921722793280,382321.5772775070000000000000000000,232.5187376742233482945865230822878935239908157375188614570930686485183382480292,202.0997030200887394370514397942608113174840060462161092103614125715042272007614,172.3017020932908817775718886692305151921707923853093478651122199961641681501481,163.4522504110780107276694962773461592507586587211667576127281332716233409038995,155.0125174463417308378043641943332133525257052562750126212810012181701804571208
2021-06-22T00:00:00+00:00,6883000.9279683353294047922445821402573925995602213906480755922895065344149253815720,370927.5613914320000000000000000000,231.4992450499728668627407765002912622134417744448131828692506293636316177983281,201.2135845134552227147351844208725879553947828897122869188963024280949157077718,171.5462347439195488983291243689345737216807322499857875523333493282805557466716,162.7355840237664215447150764480792483181490879287377793126266431784343146158413,154.3328555843181100430001611818987518595636259354691445460448324936170669811620
2021-06-21T00:00:00+00:00,6802991.9129122343494961413220922342164516756650649319086757201661909596451116097608,361313.2378317750000000000000000000,232.6539880274472857433122071251638301833590277090346569669031372487001344082087,202.2172593791733005145847734593757256448705003478407039372580436918013205260179,172.4019256980734509340321921982657763923827810475280012159882182730517972034111,163.5473265104258376942416692774236461895584891846704951660467748095535836553222,155.1026843634188558722259291410654884242019498856316526921479016439387688457842
2021-06-20T00:00:00+00:00,6441569.1192989816931684807891040095010476397138391145454373274328922316103689905398,351640.6405424950000000000000000000,230.4779538213619992196295144206194216302687144067192114709715193206614264859920,200.3259027031038181987598468744689396820836526268734881900620784478206946597895,170.7894345875848427861083507823839745376630970049100556025920248400357353700356,162.0176532827376011908111205190217513697593683803284613193999472693090491877528,153.6519946525223831273585638884745837592636729698244672808905299808522222802758
2021-06-19T00:00:00+00:00,6283796.1792030109405372467299327647516440560269180440025237485545328213935442239552,348593.2635939910000000000000000000,229.2023681015663978286708461284253876977927544390540948576227343943174121833006,199.2171942277096824117118083869373439003278954447275951015847946898028819777617,169.8441963978153186590439842996868142157552666554730853532025428391152032017171,161.1209627253299368026203847511779630679072356776017111640001985852372821156500,152.8016040318698770734825045294977800923629448445373130634377292724702154205465
2021-06-18T00:00:00+00:00,6094319.8205082497356674695371283744331617047326004683490528136393405570529428945122,340523.5958080940000000000000000000,228.6320429356051374825339860939497075372105104191656600209607013370642307130015,198.7214812893952432529870795012117950961630776587673739938090387112577660997012,169.4215724070578735968043286753238845879011009800701095283842209853343510400777,160.7200447916834482639842529202013968645237888913960321214591921178185543792426,152.4213871916145193241948949219438224181797692560611697764558544984516377219937
2021-06-17T00:00:00+00:00,5937352.8355452495709911600850597321236550367899818993459918937496665394324625619956,328691.9745896610000000000000000000,229.3667382840112311679660386723153530397670052685010195606614826132462667054027,199.3600608430617803106445953927131294239776710552771223703830382969486981115509,169.9659984619926574048083163309841868015495798462825252415901865841687329098415,161.2365090098566047544104797889374368819861773305710092343504748540877356012483,152.9111841716416091578380522142375625745057251813075251399889538845230558951736
2021-06-16T00:00:00+00:00,5786323.4910593837728601389956526718309075496493723373602152979618580059953746872624,324555.8469413700000000000000000000,228.3282244269485860979213985708810854921564745963973586971391223847837163951349,198.4574095376488368804179785609704140805704212356791388332828421105870669086130,169.1964359441104734751507960751784665825843441481772178071540584333455107033581,160.5064713848553579679406775605713858879903151342244574417908097038090836986134,152.2188414856438037099057499209456945929889933546396548807108000901201406140708
2021-06-15T00:00:00+00:00,5728827.9059170726280463411729335385632645968425514750674161570294953434926928038952,319506.6137825530000000000000000000,228.7794834245538196517808570735971562271664116224535918637326208399789167277953,198.8496330217146152275433981429363377656448772471864408878631207488080058684489,169.5308291811889902369376354611773373307836226992738793257709728892282791857577,160.8236901149009560261274746970131452093296788180361550262035378497085119591131,152.5196808671869221575213858698687416590085984042564425827277445988707814101557
2021-06-14T00:00:00+00:00,5545251.9683226611059912607765490835737060958488161704293443628918316142217318964896,308330.4910388210000000000000000000,229.0201802356218292795074824170843487329525192282327217202357498931288740694793,199.0588409097381696963287940074596517983740152392056737361910458228113641707607,169.7091910226916369521112404449370797475270500192675275753725070674967539947034,160.9928912546859054169150284899531750958278009074553059200153177533960112140057,152.6801454344650839342234862547527283594696052770803921387374356844495352063211
2021-06-13T00:00:00+00:00,5463991.8631442980120316106739136133906289925534554126300501203943573558414090327022,304929.1493332810000000000000000000,228.7293283928981651564805858625994808854290513567040802144394615307035847561467,198.8060394726356903127347043685698226902678996834428574948830588268876365673883,169.4936631557355062346188203655041460211463616026092787542280791846920909905845,160.7884329443367430632330628942940882096011467883523320774877098370736025467941,152.4862441738807815649827978556180684728763621212325827824674388364651211575886
2021-06-12T00:00:00+00:00,5358728.8021557261290150610066928086564373642267078881141171704316605197984606669400,299087.5041965400000000000000000000,228.7206428762244169806298356409881226535341625585695825630711767377445454071286,198.7984902301191585815694021473578859741183954584827355235806870958636157083185,169.4872269892509658717048452649504506220824245012020496696830137369561481547907,160.7823273407174074753359068613417034345873469569045138780684741715876143998041,152.4804538284729794615353915456073666555366076786200804531507762256566700339831
2021-06-11T00:00:00+00:00,5281500.5280171771898582085649820792403318423391279780816162128292564205482493897242,293009.9356709710000000000000000000,229.1972363675805109109394033105869353494831408386534036913272094744203087736131,199.2127338477639641015768942023495896992403119420929348669239600114288216873884,169.8403936655740265818860854983446742567643118381020712816017309134360722614349,161.1173553022168823950640923331964878008822537581805271104198712462567675348857,152.7981828753128867566312271119600344182751242403118414976315095905764750273886
2021-06-10T00:00:00+00:00,5174423.1165756260092044184511973828316420838473476830552888080364230729253372389330,290516.2355635910000000000000000000,228.2512565129265883053921930065775583462230338809422944025741139855362165375744,198.3905108751087215113396442756656452502483672230746665696984301163326711371729,169.1394009596390673215018696568097682176748172130041301708115274105767421162041,160.4523657291900142784745206661399088085024454838546279237356909799072866701804,152.1675295344673798175712027359130106202839626532178157697025695771043499020436
2021-06-09T00:00:00+00:00,5088699.4637892185652114413307791126497535024987791488371614927860642342548254705290,285259.0141745560000000000000000000,228.3746073829858462328786375723856134059146322763421051664061708716570810912131,198.4977244891838730599602086440252352137507658170217330313260773097683484037917,169.2308067752670378025753065139433321970676400539726594413472471260245529155417,160.5390769228900190248122127912040299423695941118212827247246156328488175545356,152.2497634614546837170314984601325982234958030615840947375227298210451800844842
2021-06-08T00:00:00+00:00,4995718.2293139864007193415910484328617539471904466109145485438770308793849540949268,279311.0070319810000000000000000000,228.5831062151564080132777995022257285354448778434116756826699695574839459088734,198.6789466671605306411235117537351725918386901244938523132891758089596681355789,169.3853091780703097884545802863439095493155195327949695455854736221492756493567,160.6856440497686628431120212398293135535908813922128036553799184171901023751530,152.3887627059141293594808619782204344184787865169863266813450068398694841529697
2021-06-07T00:00:00+00:00,4905560.6215462144239128780637951181963798049731117526183052469969037481449575778800,274760.8265046690000000000000000000,228.4414767606729686840634073406512772726398089565111474695880577678551066973018,198.5558457464506321131554055352723358898633513762918444143967434376353359974772,169.2803585133706272189064230481854145853568362696547484532165731871900240724970,160.5860836732959247767377773980388861957621765845066770670232078412064710061339,152.2943430539599297837077621716906087737667152743861264775123282678269586387124
2021-06-06T00:00:00+00:00,4833538.3711385783122489564784436724974841042999704950376142316687389036426961387750,267896.0448500190000000000000000000,229.2745960006947878879855557163304447617237229481071418444864675892437479917869,199.2799729831322428508671501977049613105280621707007815539707671667949615483901,169.8977189228510451007357182636054182078586308955415255136362396911333128728631,161.1717363222154512404020116356733065902264811430524928356985488053195174406069,152.8497559725940648711392242730185612364856044793294032986727995185323902764947
2021-06-05T00:00:00+00:00,4716339.8714771029046929642080447750822679302142065962005535591233842126819129879264,261124.9060509600000000000000000000,229.3581679575772009574809437965791644390808629060843266981707668292270194604459,199.3526117211354026107707487779890704762978172587487793315108524290321825866604,169.9596476541100364599803042232991018739064835058821612841620232445931328937940,161.2304843808034293897039120327285729915651843121637304254008874975468516069695,152.9054706197396661259448356020929167734771555951480370989831365092266479841649
2021-06-04T00:00:00+00:00,4610825.6912639400743751727074087112540965489380360909279145111971652009366216065504,255666.8538293970000000000000000000,229.2390830336857147807009390399422724123659927396337457524797763321282437165490,199.2491059650257208817204608700479562786853357376578252272353256589249774596559,169.8714030021504119570671862848863164865616447486117177979471639766301763858071,161.1467719927404643027827255671875985792300299984620874966668473682757243702642,152.8260806573350504845551770449158444622720358718906678036884614170040374251708
2021-06-03T00:00:00+00:00,4589003.5337580269809182596374974532361636765448388930989411451386876287960723830090,250615.0567553670000000000000000000,230.4448526716348100617279808949264576912082569679733084759709409582296252839651,200.2971319786606928860597718412105764531052727471342103173907774609677674520541,170.7649058786459939794498667918286096432056758536293847726712229094538768085214,161.9943843734521758752259935400428521644340019345129739967960234426920190006999,153.6299272157174881393365595226090256489331506627414487052781324923814010065369
2021-06-02T00:00:00+00:00,4549680.2535239094206781730005521783076116475554752313933941828381682393575236408320,245325.2342171560000000000000000000,231.4536072784333857324304381265867367317007561644872950565536890840355744864265,201.1739172583905988045191149361956900728034073624505717555454955726864972423646,171.5124161115174812949524087792587624907527685470767156231814503658145968432655,162.7035023234420102371284812023464424327178786180815412817773973379532139089353,154.3024303982546634399690253353663649898683590327302029645916583554858116599918
2021-06-01T00:00:00+00:00,4309442.1593745440317107870002587404078791440777095968088094068647876441415347320996,240934.9420632290000000000000000000,228.5851835371336653262309773496920350090495560279632022558520377990157015526662,198.6807522255378043696818964700184611801643235942051470577336533299377286083695,169.3868485211617844959723027656312361517171607240564517181060672029999421236474,160.6871043318749885011858534253567823867414380812862206296380798354389022821386,152.3901475874615787972887599807024765703649327837322189293502095629435736864190
2021-05-31T00:00:00+00:00,4230655.0202646799231623622144747853270167861451658422495084035016748432126127741040,235433.1762079690000000000000000000,228.9535935223468493750395050546691592692658155334535305767627737850020914229908,199.0009653375904671345390816020223802968586914125321563383269900847063254798940,169.6598487453817045085536252350914635384093649372581204154480216881112250480430,160.9460832071232111933987686558094621472458775752572862321914604218543857243861,152.6357542849324644296825362488894781040397204959130620890766963218866932457644
2021-05-30T00:00:00+00:00,4198359.5572493164149560196214708267832568981970227209128642695667547824633508691136,229889.3853598110000000000000000000,230.2348823736321976107057779952164052884409384075514959035378838387693411328842,200.1146308379189857865440522286468842422979225141638713499907881854806861582612,170.6093130860101843914085399050832640978565658431047845820196321665549236624588,161.8467828593922775695269194003713331716497687977332896580893288100169008412319,153.4899469938742669585103841688305544886524550812337333381667666416115647601442
2021-05-29T00:00:00+00:00,4186474.1251188335744413222175301230232894512180642069283305418076563601716662035992,224802.5631216780000000000000000000,231.7836584042442882744514061670148978280861222435956446361595959002605353876512,201.4607897710105740410927706466389749982364063154309068722999028706288981522193,171.7569915436906180857072583505339560105617924899320507729116397529137408669274,162.9355163099452682882395136582387784952633118107750050776010201469187560247061,154.5224645185569559752605238356486290340092749364531853408116582237509715472550
2021-05-28T00:00:00+00:00,4203529.5592583757750676576595216089036687121054969341676708605953294631864684218832,221409.1615957290000000000000000000,233.3114329704093580459038259945882007438899162631477698095526988949046525374163,202.7886947355395228782840903412179912703189001923356521195325993846520921882545,172.8891074359328058775661505192748410524799720398582916753306575512862956584630,164.0094864916962266341971221022920966121921644561040903853229437747346834942639,155.5409810646236603155779081071335174119065133502444409319394153433407140991676
2021-05-27T00:00:00+00:00,4173272.6327714047408438162761414474590931682649990784430451846555684432973561677336,220049.4918783320000000000000000000,233.2270940381017704395510496912872265509226530858822502170352403211899152598217,202.7153893609151517352451071165078291097703938900648269694271387570864094450664,172.8266103583437804540315995069588869355909033798942212778022186921663293474522,163.9501992771653394198979147717313428416651923411936994277442552697215918384854,155.4847551004432901966263782532448790773388725009283418805655427843244490777728
2021-05-26T00:00:00+00:00,4168569.2485599397450555778553791367720541838045022187622184310874972100938235370112,215145.8164880270000000000000000000,234.9239296926083227108657566586732230642030396069167245201301444906864626366394,204.1902381635529134265743739115105475799435215484991502812446031528839487203950,174.0840043833091655502970265668819789107001322161202517252298093160411083092116,165.1430132803767338751218817172576411459872457023653289806756940634542385118085,156.6159790573972367494143874233268243339625731928142571845239215750270972195936
2021-05-25T00:00:00+00:00,4064438.0007862891066844686148468566316356111835742890136584653346159934143761126016,210699.8252081950000000000000000000,234.5739334983754487982749253193135511747860879572994711319947151424117067430874,203.8860298764266988067359673278798716682641459969515146140097211656031740368449,173.8246491993110910531142974061369276462086405655747478942242178595910355789286,164.8969786332128207980460808116247965379859883355047174477423087213573944152662,156.3826482226122556157615450649127433256898277183823079381986137014024554843499
2021-05-24T00:00:00+00:00,4063078.4486968007112328633285282890360763627655284013716373460666931926333650426040,207753.3916093430000000000000000000,235.6635969612816019658522768237167362454940879474005650354280208431559664424817,204.8331391909186824106315669409281152445841146212405409822155056178067523746634,174.6321147448648998998644946802154305893766714217887513728777686262968166673403,165.6629725784073878934142671828440020522866189116142367904754132582412585307753,157.1090906514845437299895609341983891088892415591194854224914308610166772819718
2021-05-23T00:00:00+00:00,4058396.4630259559734721143619336470382844186414621677470182495591394033183734188980,196272.4816166390000000000000000000,240.0779028636226999359565243533815743632709750838753939459388599810012832801219,208.6699478749263490608342328218620402881181832950118415566600930418308069479169,177.9032163693691580877881882733305714549668705942104202568533826027216580306018,168.7660697350394414415714915656007449800301245785797844010045131486817639996305,160.0519617402604402148998987975543860230307760786226127484766344628343752234514
2021-05-22T00:00:00+00:00,4057814.7165650040738873251333826923112525540746464860648491850199172790331284652096,198550.7143255460000000000000000000,239.1518432322569904470748059766035533722021339940497526770593703473053448920098,207.8650390819837207801919642430217459732259705751327780730072135800148322896043,177.2169850044468376969033055840736697061290694794256543606208213725429021968469,168.1150833574441239309460890963348918640293002138962645728252087697776740914999,159.4345885504723741679089872848810712062580734888472788296778083842876921327504
2021-05-21T00:00:00+00:00,4054435.2032636007672149767380350192439534156658888948428680582500642973008968744064,198571.3413106460000000000000000000,239.0775722200954672177899577649253755774977001575620632550895871655207077356119,207.8004845017766167029746409306308378773771534803336234948948677094686601460259,177.1619484859295577164078871167438277921976349745176945746716147905089817881232,168.0628735261009043611363550075259651615713427017283360267228731944769301171095,159.3850745341672620659801139391323431113681473872173284577635464846131317736553
2021-05-20T00:00:00+00:00,4049741.5056071794216862448581909271341225220170434574075071340192245945791293936658,198270.2588362380000000000000000000,239.1060303533781539604439296104757031239228323358666217345065784198407640067578,207.8252196278248030659174650323344469939924635568503943405731284372678648257383,177.1830366135017737535988941030246933929101644329919745564496926379256068362803,168.0828785630027936225943848568610575140220332773723640520960213156215635895984,159.4040466261633637374654797371462928921214288715527162426109307893143314409491
2021-05-19T00:00:00+00:00,4043681.0054639358708353886712835313186497252147925669829303182355412441020899524636,192892.3530635090000000000000000000,241.1668477250596604586470688745361040290198808283247183040076963545654666187779,209.6164325982779957935161857083086795404132292410570112270442465852411658871067,178.7101494148005806331320454991319094318614255025273104764930032795541048613682,169.5315585294299782351314659075848733181815356303535301143434436176694555518854,160.7779251014072865165851864895907952276981688696688982458274977738545790493050
2021-05-18T00:00:00+00:00,4043087.2095300105833016512357292260353911970483605038763670097656725588323072813640,193629.8163400260000000000000000000,240.8527649087583772067438747284782751527392029525985124851745603021557183766687,209.3434393568165818074814412779884663580049588414603618223934139739728450919759,178.4774068651537319541912701463304032120969224463785438143059764571749942096981,169.3107696861161038288095349788231167611598714480242166227315974965343574642713,160.5685365225405255711066574925380996217155443210439121292732899504519729675505
2021-05-17T00:00:00+00:00,4007469.9699786857503499956841556622421469961080568413500389471054945047244959103474,189611.1886708870000000000000000000,241.8137079594011231436794329615246706558594939871582437028869728665032475564015,210.1786679800951712165533308867805306987671599336342197883121488079468754949472,179.1894876415101038629586540232645502230883628224936405158967194659993799675246,169.9862778439339400545715205633514216606095962764102146185164834035102644772770,161.2091653290300972094171801140329284086007331479952174660072109590377339163494
2021-05-16T00:00:00+00:00,4003281.0427997915662074961764551848340563285002251294455657541303933578663018320328,185202.8447398260000000000000000000,243.5952936168311632847512932165100409698144776687667475489914929330263554765510,211.7271794500650862763014531307512959056418568990528831069034745118683326119445,180.5096833567916804337862084817481855243659252585226858329580657954956149149683,171.2386680294296115815058473957152518053939995405095514326810007532019817266063,162.3968892972870513529612293163166346796984956859970086570147413185332190792721
2021-05-15T00:00:00+00:00,3980474.3823614738732228414213541161602405646404718569683567622145400355429111132430,182581.4608316570000000000000000000,244.2723192954401773604382876225220361068347296990823548922194074057624682284179,212.3156339116386757323111721221702499376533668032691139007764595223104884590908,181.0113748675577410206655226301089460848368393512725976845444511059116979424613,171.7145925586164837797792962005956210926957928672497762460792253719821638020397,162.8482398244176459093738586944545685178178753169388685412415411912319033155223
2021-05-14T00:00:00+00:00,3980047.6806520564411478627722886869657966645088393589235289105079093146680276748544,178491.9365226960000000000000000000,246.0592717122446333153967771538113251878460338794788864937946971094615120582743,213.8688100399780566972141695874466757032692516969755064670131247118580306517177,182.3355474742683109317056932786771290050127529791190024437787315935070511536163,172.9707553815603770116629241389494961884179166790670502798993765052921666965194,164.0395416328498831570949895848142593268102379670973905394692597533794692968338
2021-05-13T00:00:00+00:00,3979641.5249513756067653846443047429264517499017669975231821201283138381997828666368,174403.2920482730000000000000000000,247.8878494621362134036342797541641933499282993740758777171935204498399265231170,215.4581659082350290583861175891513255913529040449875892150240598197597967241274,183.6905654047271989364417289212046217626373020148512386745072629728806484842443,174.2561793059331526262807985836064290390903057541406391593350952623327396327821,165.2585936679344687042925211485787546531012493349722442130130527922036387637796
2021-05-12T00:00:00+00:00,3942809.8083404882156232819766174755087340175095685771460145509974648533654001623624,173344.4413605530000000000000000000,247.6335599668542340137856707728266384304593926204185769126823637840399489600604,215.2371435855109989477375214002519553996850091432562651307952595730533182650334,183.5021310733705733229947115479318851082209391384929063734159766555392504617309,174.0774230014929858904472652962039336692139620516653199509103120620605319580129,165.0890673096800772118162651531648969314777296004915781306757203680440771429110
2021-05-11T00:00:00+00:00,3827632.8401070042995418932633805729621534206929816587209713927207549976963499904128,169361.6591712660000000000000000000,247.1260755017914502393712379214082563906521520778792361578791544506433156934518,214.7960502753443357258464472365258164911356012575023089127591090015558745893435,183.1260734790844231962954511841202374662000282033521412995668364415341342481355,173.7206798043946397441073530678359296868075152658568360000753007483106281948637,164.7507442769595490486078603479646675778053739597612119422812193968517785549801
2021-05-10T00:00:00+00:00,3827300.7460269097215125277854164262914942321705782138279990243617151865725227769520,167728.2613166210000000000000000000,247.8873146698595224095991845573632480553846663243516520563234990400722028456010,215.4577010796307721518899253577476477118991228588757274764816441553832766084344,183.6901691114199932713649908281378922313583157142341419038385469882500463564907,174.2558033663336091296228634349525356029454724077173115630451350596962850202762,165.2582371396909820219227306122973023734925356314804775110130976290981968348236
2021-05-09T00:00:00+00:00,3737928.8889423048857692566245606383291050518083142772975246437735812663123880216302,164085.5155488100000000000000000000,247.7549006909769011858250401220425307249692635522838747775416001976664769164267,215.3426100290102409660623890035914924119631020389780169355428981367149774202660,183.5920473248894535305097095492722252294935907879353533641588970150417877607365,174.1627211354100376388865246427180673327015675478705043558538514314493968587823,165.1699611391544570565361801801714648135600437522890563037373631222167882305343
2021-05-08T00:00:00+00:00,3726954.7316869910135577675796500207132649549750538327426612076281723826682323652000,161704.1622679890000000000000000000,248.6805646029454677440445953216568197919508813772729536493711978238720639211553,216.1471748721557826753312924712909157119737810965281019071263607521771855478873,184.2779854526887744506597168769583543685892311638564453415511371764217298613979,174.8134293366027077615498164940486946803513487754923343843263763498994026850928,165.7870705159674181961580719141111667471953565884709997240823654987009240623613
2021-05-07T00:00:00+00:00,3664511.0903268335110015194242510885518589317709079442119113340533811778338721464364,158580.2699722430000000000000000000,248.8875139105888795561853732958101431470763992755028551034979380213804661359513,216.3270502406241325384815313462130151500028122382100047013440888148445791701203,184.4313396223813140499395458545916947227180247453263562380358294351821382738558,174.9589072038648441170826469775417809827175335222471148678971809582501845526688,165.9250367439044066182372283916963761653041865464298236562769090649177902884519
2021-05-06T00:00:00+00:00,3536779.9918766019534985999177434001907777225024136632889712365053190062596766625600,154831.7323662390000000000000000000,247.9715798742611821505194296100587072502632001035029216468366056600034951968468,215.5309423717298321897458130339554772703998781003452282937660371541034575632694,183.7526115549446408650698883159749187806044017508908104668956437450611195657206,174.3150387528171632716460936021107166125301490887915735638697049646866490418709,165.3144139519259294109500963444542946563280254249311223395835870891865444431378
2021-05-05T00:00:00+00:00,3309065.4567847334867564047936985346790147475402276182134404028437579840164658815056,151593.2020844330000000000000000000,244.3722336446384960186521487375694560847191139777547441622116177614636099143237,212.4024770645922975339408516798593466838809584045214499964403679343938641655855,181.0854136852573874733052503397719658879998527875808932060917236595580229139774,171.7848287270568301943411394786162983650588306558124861591025700847770861053683,162.9148494015775911691541006981304891226216668958093133982016118989942943863709
2021-05-04T00:00:00+00:00,3278535.8455061615200599558322019797049773393778750275819239340093917286439907384226,148932.6553044120000000000000000000,245.0409817482565552437134828502019858672318980864324368079068723629526606123049,212.9837368567636199590972671548489408195085223673751495821543604057020124265091,181.5809713236550858594573414613556296371385086087089189958124301056603906582052,172.2549344208511170872740341582665665986176511075335756120137820379882253742054,163.3606815444672711222960284395637703406671156870801526610624034713839052748109
2021-05-03T00:00:00+00:00,3251259.8176675098736992623939079161431571078278707172626442278861546632776195803068,146293.8517048770000000000000000000,245.7957286371187333406459480477933671804503687341114446934797299085821507477848,213.6397447278715999217976844845551372939968766856644855291725994844223943405104,182.1402560286269966860386189890089357375758671768630952454310275629524103558110,172.7854941456683349159781876744850101734117606556378826347974212244013233889908,163.8638462203448764316402148726084828298754824854062114310137557404949228628214
2021-05-02T00:00:00+00:00,3224981.5968647030191197738019112587105277763845063051988296888493280609397505660244,143057.6991558380000000000000000000,246.9254773746030559600162005536872943359837573509280420771377431762352013635253,214.6216952004085630874553739534502214119027806046555041147695152261185601475559,182.9774256793543525487087156090386788318312705121740354063260461444868089263034,173.5796665869431949846077999045931408049872302530780309211298693546627718957757,164.6170121700268972648821762048020591097529731702469016113392902437498915136912
2021-05-01T00:00:00+00:00,3111432.4772195878046344391984354428210415347357246834788062363807185677743973432514,137202.1720708750000000000000000000,247.3969459601122912028256601869611069581702053225842366269934459410409801953446,215.0314843729621209019468877445936443194522453992588395158999695858357043564901,183.3267946832432939785543789858319561244676529979278597185023110106407589517714,173.9110919252640270092368067395931297500213332200101210720252453151852321759024,164.9313246124032533643702265890520571912665371624660924125478149673200151109177
2021-04-30T00:00:00+00:00,2978219.4911285774320140494957173406224602710547368504851145605777783942962503086944,133844.6971091560000000000000000000,245.8924409051862294548524183665627323088830600178983596447152946641136232471751,213.7238047088019323207214242503539435023286966500005586684243987760304615143891,182.2119220309802320386691503499917116290658709876795608184116938919583895916915,172.8534793670578457961429426815754261366964542108305093559987559380368970030217,163.9283210763975203368268119112893882485244699665444514277686848715849542056633
2021-04-29T00:00:00+00:00,2964232.1389987706946677020360803755680007779143319034798121682176976842967567614400,131718.7261683910000000000000000000,246.7883623180888202020498140989617474534366466477800313498678418345905034607921,214.5025180860035517722340809589566541975366708828103558189894026621618838289324,182.8758202867897272519767986966825067922050050570420392152384404258082217558198,173.4832796687246100212393877081063977048171519729507182699883568247384590553152,164.5256021172170959156298341288822502797278294136811747954808130480999689960065
2021-04-28T00:00:00+00:00,2807361.4051110445857045396806183295768884033160073174216697994926548222504805506864,126084.6507083300000000000000000000,245.9436455001333570379655586946865012627638532008119604330070715917945216460566,213.7683105130893157010593403963578362192237058536406172318937396359280584484808,182.2498658068351861484162501034554367814945683004896941899290913392252687613778,172.8894743425992236275415218265343697054941376402484274088306057006218259374530,163.9624574786804852432983821076334786327997727373400379443408070203538167894345
2021-04-27T00:00:00+00:00,2730014.6979671583417952223094850961630564532224938745710273575254459552228077634856,124166.9611129190000000000000000000,244.9440613060949730971545797882670309968969244818293330822545142063336726747098,212.8994959359098556294857555694615968337311643663569978065090804092430688795228,181.5091510595373943143342185303399399096268239252743797013239450769714163066882,172.1868028606138384919159340014724533412976368565017875588768534523300374657478,163.2960679056622599663662046476998153977052958361170313354717360074783199305209
2021-04-26T00:00:00+00:00,2708419.0345378602208179025134302487885577844173252538331888954424796491173164127424,120862.5386290380000000000000000000,246.4524628951405890391652746631616021937079825844847165431957749280729903053508,214.2105623739543617723441453985594711007255557583090503893419272425572610592239,182.6269111326929798689322176194116088065706678424790158333158932278191275941411,173.2471545411678152775714959812279242715659767636047321843666769039456126529365,164.3016691315110968517075138977079983745240917564264891791307315938718877034995
2021-04-25T00:00:00+00:00,2407747.5660173135286210609198450700282160896622624514361826447620494929221167417818,118431.9130370520000000000000000000,238.7360075747598394023710291375632878267770894441945380392603205393612218257811,207.5036047144744474341818753205329588735157205456093131738444309060956156737129,176.9088412724856402575883986977120705602384152156894822818626803348665741708023,167.8227659524085358435552426718812101772010887729784715361386013415468941756427,159.1573647329110507534571717527178449795187555218201474816034088669445008237431
2021-04-24T00:00:00+00:00,2037407.2207650767298010778057125180098372197119361522192209635812893791131453501516,115189.2347483520000000000000000000,227.6990875883187388682243629560327118986877570195796008061238821864337189310092,197.9105789057698944169417387751208398078870009347133666414977375166282019650488,168.7302311589400267387970733829557354315966603035022803983759167878273836384433,160.0642109755689550705153105323107310485903243567045702294919424781115635437162,151.7994168571182341834939389166655972223284999243042806769633930200944403223431
2021-04-23T00:00:00+00:00,1564383.0051768326636889668260255777705887884252526412224197462588134198652743101030,111971.9488501190000000000000000000,209.0052258456527876164976114356446018594936278826016875803305932277557108973316,181.6623231983752945278974304063303127679935910969204496669191290537877194185962,154.8776520972437470689546999961444678473406937508073853945793761874994288837131,146.9231032899020378089262609463361789707604640141904144771438879657124922725254,139.3368402987312603869679895038778525675118955259597870158686545765809994207392
2021-04-22T00:00:00+00:00,1301951.5027520962274231036375493712760245428928374813556431048023302973316852723532,108148.6236959580000000000000000000,197.2047654868381690462270973947421924217335276432624630309898547316630589765473,171.4056464338637391948269184955631041483579869544211019056031933428878217528468,146.1332411063459306179458278103647186033020696751258802355242205826236926145128,138.6278070878497957664636637592475720062334904269334904132938625976147125608044,131.4698654237493920610225967039194437910291414344640663364200119857407687924530
2021-04-21T00:00:00+00:00,1009547.7204651214777502933879093032680143926745665114978897197208383902381936383848,105351.3822495470000000000000000000,179.1213481083873642217541851591214655548512987751010909112748695200162854609981,155.6879743084728388167359017081375686789530706943845739792459236231066774391705,132.7330152788001504171763537030152976307445243440146136477105466629721632448074,125.9158196790249229059760944673416065159053846359058829575495236771613195695675,119.4142518422150640382891626951168644525698320476496866554242482818381828111824
2021-04-20T00:00:00+00:00,540516.2854340073703082358815968721910760332718935824838124752937658526466810908980,101385.3762413100000000000000000000,132.6471379555449394439896385324651351810731706746393083160960221765700321603370,115.2937068875729535775380587983913644333067907675133826788793662228992386653645,98.2945627356967480088136130834636628624638187553851229266175851897827309834113,93.2461333064690684016018634574712191848921576026353159269360621134436017881292,88.4314399442083103259269217962534157034384209178769699392563860475687758245789
2021-04-19T00:00:00+00:00,522644.8641040408582101984646632894800399397978855450587387676614418256263398225626,98551.1312682200000000000000000000,132.2295060996827458563271148750068897824031576925900409714944301594261695105201,114.9307113075791669470499442889297525195547896569014612720903856353293546164568,97.9850879796697497610192693367300774028585951993814814535328220245151039309012,92.9525532390438270185328063061095627771932529839302783501906608646893511956724,88.1530186608720421236963663174026749791205001415773563172999611210367069051737
2021-04-18T00:00:00+00:00,483234.1809655755028573657559944784805423848706170303695369610426143261785013915902,96827.5457135650000000000000000000,127.4139959215839514865675607974861452797548981221948976938946941645931577983912,110.7451855017082974832995078949514400827423572926344953920635931124877097500632,94.4166848116786564118698096097818970157204133731980027709443155668897816343803,89.5674240087686520650828224324606730748984286269346031558865249281037793863163,84.9426780106426848426197910936871762416691099336029907476829044892802507747153
2021-04-17T00:00:00+00:00,468748.5722760049596893006082695800046909459452804237188119279230089541910335725320,93044.2160057420000000000000000000,128.1607596410925099778638584611155327819131466776989192656401084877223326780146,111.3942545937240475186954707448676137629437375673592856419748473589377622108267,94.9700538055922401656407323770020423297686140375398802078848688306358115355103,90.0923718546925219749702848242876529490102237453865441448530540574745699456796,85.4405205727367598105707202198569682771103149190031060385532359555920518003275
2021-04-16T00:00:00+00:00,453922.0459212378360103770838233865606925851387426815706143381827411849074013829632,89233.0894831200000000000000000000,128.9281301870072681437722965738700796175716075973445622534252802333441530197803,112.0612346443942972568354160269346948547916828104646631680060891619140966904305,95.5386929291308343045700901346565272782564915039262038090728385920091207001823,90.6318055531701027024054470922329620055026208669551776187350502046658077063557,85.9521010213760483742174713316180610784951477108075754013404495855303448819851
2021-04-15T00:00:00+00:00,406028.2252695100611601866626179049500355841834378300955490284273326238962388514528,86838.8054455450000000000000000000,122.2462630781756891426182242085047205889892506861925915726693624046642672179897,106.2535162135185020126898412685497836547107277174916022593376226449333189776665,90.5872765937045109314214037493854865880839509392768926066004548731755539037700,85.9346950028088064630314378771604739177807799104750164984507595225761111557893,81.4975222113315439604204849038539639451463559198003778800423769653486647204702
2021-04-14T00:00:00+00:00,367124.0527683040707203397963785423405513153804637370965367265610714794924022909024,85656.0608558720000000000000000000,115.3500165801829407643114040617303442834285923721501361719613676126924201971855,100.2594643657470609707338091805907817896594882477965972819226751333660401005988,85.4770002282622738863522765939592384971398651365312485365272801338645058231002,81.0868835070069743749786025976015963151569385732081371550281701610462067156661,76.9000237848514741448565330070747631431521008190165699341420491339466029128152
2021-04-13T00:00:00+00:00,322631.2536275815884962327564406167871319084302295543054188066543740985177423190852,82487.2721538070000000000000000000,108.0983323648488252985513896138928114885865464347319941099405709489225551226582,93.9564745896376754076924304201669076796341615356803155346233328181168535781635,80.1033363857562440186086580217548353025777015468996313580687709676504167199900,75.9892121703960045707349425151522823859690313755917730569863440511879907528846,72.0655668409135033715608366491268910898487032368477842476892233334344752652301
2021-04-12T00:00:00+00:00,289827.7963028817584678443451696656242330053694131107649655943961525967487195246800,79748.0717579710000000000000000000,102.2766448772638157113925563002188907382834418411168541813050577210081847153209,88.8964036289689057242897212566793291372918519120326835703624121265056171895610,75.7893328211423976393582932548790119791702900071275237202121419333027825899073,71.8967767367880494662793014813496991211387968368148187879095182748903081221243,68.1844412066396721968798465043072446091007136455054213279987980621970711018841
2021-04-11T00:00:00+00:00,254087.0040035217318670419988736970672098464620121841647945109254688724862958021432,78530.6650345710000000000000000000,93.0646511162009732984257617663413813410888020939059675969768897823339840750010,80.8895598711030191972259696077904726747003587039495847088980485367443481559345,68.9630347748844972603182456222331639796947948795673614665379358958849902725147,65.4210787948520182853951843450843478789128372688335489742259472445363117525874,62.0431110158528676342296144891010751834579795133740436007806908123863423288715
2021-04-10T00:00:00+00:00,217549.2610523810370914786925703432169872510937550568610380849849537261212410450888,75638.561000006000000000000000,83.7336388584029586337205840165213692641838547515053461491110091437576565508138,72.7792680940165197377691329220793088691158711034056962709497205695345315103129,62.0485413007089252571155622192496187834545848020068025227196976736073196241869,58.8617151607378204802697283933198017679568626852448559336779331403523987065935,55.8224351474396550691867189759569376787461255515475847234688885838208661015619
2021-04-09T00:00:00+00:00,195595.4799958633961627191563880907531963794737647928082685217816244998162199089280,74054.001339814000000000000000,76.9803946009871262566232140545925423349245070558679010745999027066637110555463,66.9095103596609795138605771395289902182502837196773234660790384490303209095985,57.0442328658559156989706135503085355401867051671048244558012069894222935222125,54.1144290603080900667078829757157245398199373587985367205787733675367151187301,51.3202715637942862354739046852907787583482636977271102543790736799189819536756
2021-04-08T00:00:00+00:00,160603.1080424192631966681179727915474284350028876019967998183273543511257536781842,72204.309040584000000000000000,63.3623408372570534863502954231990927806846339377298169767936121868921443033698,55.0730250557647405664277667317417385177335746979243635187767428802853467145949,46.9529435953277740893337100916328406852113602794817312087230802691088219238042,44.5414305305320053283125140749840035942144754973195048905139984931809429671073,42.2415675515909455688871441855326692963198361346995577445633475010475188194622
2021-04-07T00:00:00+00:00,139819.7456699368405623188728030411136295465975344065445686510701739639399706141040,70519.966032256000000000000000,54.2493078528165399648560248860436441682004905555750978082857604895554559806553,47.1521956284687690971462402119417790152197232070453698393763034585646173729266,40.1999777476834372134789525746086526486606704826061403646590662018858676041360,38.1352984300552142352049913226538664868139124485035368081320460158640529743304,36.1662112228081788401915667455928674802153115865530571118694486074400277597285
2021-04-06T00:00:00+00:00,129363.2750710685195864026618790151740359931812273149033927352899673778211293537492,68124.327031782000000000000000,50.8278634110783738891146757023203593478244236815933498701210424851562420096725,44.1783582831799629682176936062903304180549075630952910413473132406030150609996,37.6646091712589457482005171484657291594410390762883312629674123618073555194254,35.7301469173108093625764323436653703477024199671210269808770969552396713065005,33.8852478840182056569151477418027493138277880292199797403663833541749524409885
2021-04-05T00:00:00+00:00,119779.6584971853340818780370868976402324712526438128564384547205825378074065610268,66688.769745415000000000000000,46.4153021909372433931011737926295404391651382115890235352122311102773204314150,40.3430660350432491398477373364166072940039894897406801502987328024174636196131,34.3948003961640433052881017797643306350092290695504633552981906188966472336641,32.6282762090703533221674557814017469632654489559568526884127941563054534964386,30.9435399169015179787784697532207437371551836048918649689771711970187275973661
2021-04-04T00:00:00+00:00,114283.4538804746543548328535613786151912706487755500089292682988699787985576664336,65477.415154035000000000000000,44.1452692030239018102263813861484138572365083739251076842146741278669783346908,38.3700078751203817372044120124035054401382485707314341042919784297704705395507,32.7126540386804087159639992863915461672312201586863556314266604010619992343747,31.0325252425324326728155241983287878311465958515963566787350160399762874365555,29.4301843410781878957733674127607881057773699336890490743188517042866003520391
2021-04-03T00:00:00+00:00,98692.0016039155672779400765737304675909145294110807743521977938087495353051636456,63605.838437158000000000000000,34.8182659701910409699405200994704962993243361281634239536423760538560952637480,30.2632006462598101768407161284646247419181901382144184873852951786526837857036,25.8011313436865055493093841505077007169301945677601512875591847149522395491673,24.4759798077559015367270328262205039999051090293381608661913201768644913170918,23.2121811564175614329366433213585024007300476479964600083913900320719793178124
2021-04-02T00:00:00+00:00,93424.5262212955172252674169999953288851503060742038752341597827054620650185566436,61919.911418081000000000000000,32.6000878947192822724173895535840222938160196586656536197702917677707633981135,28.3352135309736107222860429383244091095256709600243487494135889884519396896815,24.1574106621933431140618678361338825195450125078248045329918751265033278095946,22.9166809664024956154540155957226338124633382512249313266182959379010259586563,21.7333955279452765443698419819555986200419119005552223649560847083931143881219
2021-04-01T00:00:00+00:00,91461.3276866286921406426009527923997226448314838364235694473503586694376689329450,60304.558558523000000000000000,33.0119505303175316463140828525804056286814573117077418192658158961776451013861,28.6931946432575554041485916996099882355141158218317400723939530856718317690159,24.4626102940683195641877269110821316811120257180406581373929289487556039694724,23.2062054809519077841018255659851716202700068525516483394513465232827915687966,22.0079706638021556845050174669037191645713667639098553030944700485285444049692
2021-03-31T00:00:00+00:00,74782.2551750611866000640000000000000000000000000000000000000000000000000000000000,59384.857170211000000000000000,18.2724227680554138376972643333659017173337040337651023534899021540337316480511,15.8819510712099074206216758066423988058491834320380290960103106516150096900474,13.5402831436116669980512281611405176253531749488415426391732537922624136595904,12.8448513516610836934692584681652619519611055682969196064373653480117298372884,12.1816171954649442560095908655406615094808695009755211996379669578025158070979
2021-03-30T00:00:00+00:00,73720.4553011659237000640000000000000000000000000000000000000000000000000000000000,58479.798551552000000000000000,18.3562449071833993524897838111669941845784308700323590260860893252990176957422,15.9548072616129762623482832951435416434588863014521414814229458833013490603621,13.6023972656360514242154317524777366766626919905160720959326993139548077240389,12.9037752793057268895858645091612289371105860237975625159443535878756932021790,12.2374986308018735547786168623330785458248068282415662191820333609338941413672
2021-03-29T00:00:00+00:00,72525.2352889680499000190000000000000000000000000000000000000000000000000000000000,57810.072052920000000000000000,17.9736326385550602982791696957071731526862273841808143819616241920092831693650,15.6222498658732437798284356649398987883694115200919494501189378631318296184908,13.3188728246131352260984926787432222483089831346774543968771097363394165131640,12.6348127132444417700748652634892775524215885445371280182634429478887568945419,11.9824237428200187784861332325544006084273535635017834635181339403361646293503
2021-03-28T00:00:00+00:00,71193.61305578159080001900000000000000000000000000000000000000000000000000,56712.276483023000000000000000,18.02442558297055063355827486174474675578360185030342899678121603567286,15.66639787340401259751279899106587357798458131298828007271528010887892,13.35651155801010007220150518180938498446425020949431308671194405528530,12.67051831337267205300738409350254859328338240750325280355766542288528,12.01628571136979088382004876026725193701338953625630026508743764324351
2021-03-27T00:00:00+00:00,70637.27058589339640001900000000000000000000000000000000000000000000000000,55454.92699124200000000000,19.17961776953199862458645469984603344819695641509132526870702647777607,16.67046318087311050321853895489888097240473182361741580990792574254493,14.21253538637046426241487173716326441921729558994116636729158046729641,13.48257657774924959064081810989153674449336174644037340695044789406257,12.78641396324480283031358593050175646533641526365400153021176006636307
2021-03-26T00:00:00+00:00,69741.78140463472730001000000000000000000000000000000000000000000000000000,52137.85767898600000000000,23.05702864273845218623239770517042833882815295199689938346661688648085,20.04061559869590201359300383168378023501972627148476801413824721870782,17.08578551602041545121084399682578781590621553307526715333651283708556,16.20825597603473575089582413155493173157667809924536613697340300331502,15.37135497333949865940974503203281279629209159004354296300010110339661
2021-03-25T00:00:00+00:00,68962.80579351317760001000000000000000000000000000000000000000000000000000,38363.29842546100000000000,46.48257494824149264213310989730908435534746286344978206886891818096832,40.40153790018635019695615122388579967123676328662876441112247983517042,34.44465104778882199585797695924183625660044553209564300415138522882377,32.67556652073609057968020598305645929852986177444995449752598426543972,30.98838842919603700369459442004126066431955381669455697788553047667286
2021-03-24T00:00:00+00:00,68260.00000000000000000000000000000000000000000000000000000000000000000000,29634.04502934900000000000,66.13351604492800484885744320964894590984462034710952636872331155508209,57.48166399853936692241565855725385184815150555560574202180742326434350,49.00644779828546207534677252279536194053595793344271502881514530233835,46.48946632544427614176576429349859034067580588031676481167953746288141,44.08901799589801572454708315343853518474851513863153090027569162170284
2021-03-23T00:00:00+00:00,68260.00000000000000000000000000000000000000000000000000000000000000000000,22286.94515961000000000000,88.71614275853419198199666606699132519857883817318793920136095379267410,77.10994083284666171020714298879663932116266424092751728348690673380030,65.74069063570956404229354874259786243045512238528963720574251624800397,62.36423492884125109644793238192722852416054809159242756280590828759464,59.14410496412204647830843277041134089920704727138396454395481828421966
